skill_011KVH9RsfsoghTEi6wPWUg2,1785380022501601,@cinatra-ai/blog-post-matcher-skill:blog-post-matcher
skill_014h2313MbfVcSdVZzobwG4b,1785380038876889,@cinatra-ai/email-body-matcher-skill:email-body-matcher
skill_016qsGHMRHywcQ3BhFQqHCYJ,1785380044041137,@cinatra-ai/media-transcript-agent:transcribe-media
skill_018GbLBkjtDQAjdujEYbjqzU,1785380041343319,@cinatra-ai/marketing-icp-matcher-skill:marketing-icp-matcher
skill_018XZTKdVtNP7VDxUmtAQrZS,1785380045735027,@cinatra-ai/wordpress-widget-chat-skill:wordpress-widget-chat
skill_019zCWb1F8iZa4XvA2bPPzC9,1785380031968027,@cinatra-ai/brand-voice-matcher-skill:brand-voice-matcher
skill_01AUd3iiLX9AD75dYETH129h,1785380043161531,@cinatra-ai/slide-deck-matcher-skill:slide-deck-matcher
skill_01BwtxgU1YsGAL3CsVgkT1hS,1785380039629451,@cinatra-ai/hitl-prompt-drive-skill:chat-hitl-prompt-drive
skill_01CEb4RbKqhJSgMkAMe3Frai,1785380080474321,@cinatra-ai/chat:blog-content
skill_01CpiYNZGYhYurMXLX8SN91j,1785380040515003,@cinatra-ai/marketing-icp-authoring-skill:marketing-icp-authoring
skill_01CPLq5DbS7PFaZH7NfXVzwD,1785380044832565,@cinatra-ai/skill-prefill-generation-skill:skill-prefill-generation
skill_01DaJXQeWV1EDQvyu55croDv,1785380032720184,@cinatra-ai/product-portfolio-matcher-skill:product-portfolio-matcher
skill_01DP5Zc9NNgYmyRbq9Sehggx,1785380020169084,@cinatra-ai/blog-idea-matcher-skill:blog-idea-matcher
skill_01EVERETdV1vA9SYUDn5mjha,1785380042235782,@cinatra-ai/marketing-strategy-matcher-skill:marketing-strategy-matcher
skill_01GDVYYJgxrSdfQXDqS3mBM8,1785380081310725,@cinatra-ai/chat:company-research
skill_01JRVSqGRrqrKCvqh7Tvkv6U,1785380021109724,@cinatra-ai/blog-image-matcher-skill:blog-image-matcher
skill_01KLuvTc2p667EReDdsdCvSA,1785380037071864,@cinatra-ai/contract-matcher-skill:contract-matcher
skill_01LHhQqvD5WkX7pGNCCtTNwS,1785380019281644,@cinatra-ai/blog-idea-authoring-skill:blog-idea-authoring
skill_01Si9SWBFKeuCRaAjp3VpaEf,1785380033553658,@cinatra-ai/sales-playbook-matcher-skill:sales-playbook-matcher
skill_01TXMygdcSucJ4SwKBLZLfeR,1785380036125404,@cinatra-ai/competitive-analysis-matcher-skill:competitive-analysis-matcher
skill_01WC8fWXCUZ7DRQ7D7rT6fSH,1785380037889363,@cinatra-ai/drupal-widget-chat-skill:drupal-widget-chat
skill_01WQV2smwEmam5Qp2drXFkzE,1785380034416918,@cinatra-ai/screenshot-matcher-skill:screenshot-matcher
