skill_015nBqvDMBJ2GT2csThJjvEB,1785462880572130,@cinatra-ai/chat:company-research
skill_016S7nJzFHWAjhBTG6LN7ptb,1785395823234414,@cinatra-ai/list-curation-skill:list-curation
skill_018UxfXt9Fm8YgVQuACWi1r2,1785462871477578,@cinatra-ai/competitive-analysis-matcher-skill:competitive-analysis-matcher
skill_019eL39ZFJ9bn3URzK64NAvn,1785462878165016,@cinatra-ai/blog-post-matcher-skill:blog-post-matcher
skill_01AzqbZC2REX6sWbvF8ZBwDx,1785462861618417,@cinatra-ai/brand-voice-matcher-skill:brand-voice-matcher
skill_01C8krT5qbKbjatWsYU91mxj,1785462877400195,@cinatra-ai/slide-deck-matcher-skill:slide-deck-matcher
skill_01CzWLfefcq6SbgppF5Mv5Gt,1785462872407465,@cinatra-ai/email-body-matcher-skill:email-body-matcher
skill_01DsKMzWnBTrB5AW8FtgGtwi,1785462863491226,@cinatra-ai/blog-writing-skill:blog-writing
skill_01E2Daa1wqP1aXeB5W3TYKS9,1785462879723988,@cinatra-ai/marketing-strategy-matcher-skill:marketing-strategy-matcher
skill_01EFZf366ZLrCcwn4WScUu1C,1785462867791785,@cinatra-ai/blog-idea-matcher-skill:blog-idea-matcher
skill_01FMLgcvGdk8JB3TMUT5g3of,1785395824133327,@cinatra-ai/web-research-skill:web-research
skill_01FncUCLEKta86NodoKSMbxL,1785462875789510,@cinatra-ai/sales-playbook-matcher-skill:sales-playbook-matcher
skill_01JytCBMF8ZmfRknJZPqANNz,1785462866790421,@cinatra-ai/blog-idea-authoring-skill:blog-idea-authoring
skill_01KcsYfsETajG9i4agzBwTH6,1785462862532646,@cinatra-ai/chat:chat-assistant-core
skill_01KPNuLhVUVWa58exe6ivHoL,1785462882033006,@cinatra-ai/screenshot-matcher-skill:screenshot-matcher
skill_01KQAcomR9c1pPxFMK5zmDMQ,1785462883632219,@cinatra-ai/media-transcript-agent:transcribe-media
skill_01LcyWhu9vLEDcBpW9bVuxb4,1785462869447201,@cinatra-ai/chat:blog-content
skill_01LGHuTrPePk2Tja2QV5VWLK,1785462884357535,@cinatra-ai/skill-prefill-generation-skill:skill-prefill-generation
skill_01PTNwfcE5E2siEXtHmhcSzP,1785462878902655,@cinatra-ai/chat:chat-automation-authoring
skill_01RSa7VSJasABerAMqN2u1dV,1785462873222575,@cinatra-ai/hitl-prompt-drive-skill:chat-hitl-prompt-drive
skill_01SArVECasAr2KPYEYgMxMbB,1785462874986997,@cinatra-ai/marketing-icp-matcher-skill:marketing-icp-matcher
skill_01SD9kcWEE5wzhVJa2YtKvKT,1785462865168628,@cinatra-ai/drupal-widget-chat-skill:drupal-widget-chat
skill_01T5QSMDSMWWuZTTavrnDCXq,1785462868593303,@cinatra-ai/blog-image-matcher-skill:blog-image-matcher
skill_01Tggbvr82q4S6G54zoHwJRw,1785462870463797,@cinatra-ai/chat:chat-extension-authoring
skill_01Tk4BCsSdSmNvhPona4LXxg,1785462882761126,@cinatra-ai/wordpress-widget-chat-skill:wordpress-widget-chat
skill_01UQKMWj79PQY8NSyuyCuJJ3,1785462876597983,@cinatra-ai/product-portfolio-matcher-skill:product-portfolio-matcher
skill_01UXXR9WKjrqjB1duVzxCdMF,1785462864350006,@cinatra-ai/contract-matcher-skill:contract-matcher
skill_01WzM7GQrCxBhfco3WkMsY35,1785462874141939,@cinatra-ai/marketing-icp-authoring-skill:marketing-icp-authoring
