skill_011wfBCpBBCcVywZhGaiStnF,1785467331696471,@cinatra-ai/competitive-analysis-matcher-skill:competitive-analysis-matcher
skill_0135JYW9ETVM1VfdfaBhj93i,1785467329036445,@cinatra-ai/hitl-prompt-drive-skill:chat-hitl-prompt-drive
skill_013Fpfm6SXwYKAkyTgskCZRM,1785467329889855,@cinatra-ai/list-curation-skill:list-curation
skill_014HCVzWnUkpwJnpxvTtw8oF,1785467318099735,@cinatra-ai/blog-idea-matcher-skill:blog-idea-matcher
skill_015PR88YtAfF7Nyie9FwG7fp,1785467326648942,@cinatra-ai/chat:chat-extension-authoring
skill_018BmCGAbFHriU3GLAAYo6HT,1785467322052810,@cinatra-ai/chat:chat-automation-authoring
skill_019cbq6NHcqjJkQWhuSut32b,1785467335928265,@cinatra-ai/marketing-strategy-matcher-skill:marketing-strategy-matcher
skill_019jhbUzmJug4BZPwoMm5NAq,1785467318918803,@cinatra-ai/blog-image-matcher-skill:blog-image-matcher
skill_01Dm2sVRsi7y1usX2JUS4Cei,1785467323009975,@cinatra-ai/brand-voice-matcher-skill:brand-voice-matcher
skill_01F2vQQFwD9iWqEs39kjjRxw,1785467335014712,@cinatra-ai/sales-playbook-matcher-skill:sales-playbook-matcher
skill_01FofiitU8UHUMRSoAGVyEGz,1785467320784789,@cinatra-ai/chat:blog-content
skill_01Hj6obshAvc4Do3bm3AeLo4,1785467325814389,@cinatra-ai/blog-writing-skill:blog-writing
skill_01HrLAE6BUpuLxHEf2dHnRZ3,1785467336837046,@cinatra-ai/product-portfolio-matcher-skill:product-portfolio-matcher
skill_01HyESAY3norHACTvXCgJgBX,1785467324777520,@cinatra-ai/skill-prefill-generation-skill:skill-prefill-generation
skill_01Jy7Vu7mUN67MQB1Fju6VVs,1785467337698319,@cinatra-ai/screenshot-matcher-skill:screenshot-matcher
skill_01KDrs7EzL6CuKmod6vKSKBk,1785467332513503,@cinatra-ai/email-body-matcher-skill:email-body-matcher
skill_01LEHZY9TEnBgwE9EKL2a8Mt,1785467339279986,@cinatra-ai/media-transcript-agent:transcribe-media
skill_01MwieQJFHLDer4D525ZSRH4,1785467327572874,@cinatra-ai/contract-matcher-skill:contract-matcher
skill_01N1jirFrCHRnBbY1KsFi4wk,1785467338425015,@cinatra-ai/wordpress-widget-chat-skill:wordpress-widget-chat
skill_01NamPHEiZq1Rv1MT1zBLuhW,1785467340064700,@cinatra-ai/chat:company-research
skill_01QEP68m3MKwEK7hbN64NPXq,1785467328292300,@cinatra-ai/drupal-widget-chat-skill:drupal-widget-chat
skill_01QmEVUKddi9TtXFRLZxvdSi,1785467319715572,@cinatra-ai/blog-post-matcher-skill:blog-post-matcher
skill_01RY5wjsFeDPiaZ5HNTSjqBJ,1785467334259975,@cinatra-ai/marketing-icp-matcher-skill:marketing-icp-matcher
skill_01RY93K4RjWzgG9P4Mtpszk4,1785467333379146,@cinatra-ai/marketing-icp-authoring-skill:marketing-icp-authoring
skill_01UX2wx8g5pZsMTtfxU6ULhr,1785467341008486,@cinatra-ai/slide-deck-matcher-skill:slide-deck-matcher
skill_01X2bC6ufCgAqgymmS7Vuk4Y,1785467323866571,@cinatra-ai/chat:chat-assistant-core
skill_01XenhmXvXM5hY7atTLgspou,1785467330716806,@cinatra-ai/web-research-skill:web-research
skill_01XwvexDY9D6rqKckB2jSNrd,1785467317144363,@cinatra-ai/blog-idea-authoring-skill:blog-idea-authoring
